id,address,target_building_id_test,target_address,target_building_id,weighted_similarity
0,"197046, Санкт-Петербург (г.), Куйбышева (ул.), д.1/5, Строение А",67206,"г.Санкт-Петербург, улица Куйбышева",218264,0
225,"Дегтярный пер., д.28",726,"г.Санкт-Петербург, Дегтярный переулок, дом 28, литера Д",79794,0
223,"Виленский пер. , д.3",30023,"г.Санкт-Петербург, Виленский переулок, дом 8",84381,0
222,"Университетская наб., д.23",104945,"г.Санкт-Петербург, Университетская набережная, дом 23, литера А",104945,0
221,"Бульвар Новаторов, д.58",2248,"г.Санкт-Петербург, бульвар Новаторов, дом 58, литера А",2248,0
220,"Витебский, д.21",40610,"г.Санкт-Петербург, Витебский проспект, дом 21, корпус 3, литера А",7007,0
219,"Бронницкая , д.26",55405,"г.Санкт-Петербург, Бронницкая улица, дом 26, литера А",55405,0
218,"Московский , д.163",35204,"г.Санкт-Петербург, Московский проспект, дом 163, литера А",35204,0
217,"Новостроек, д.22",33362,"г.Санкт-Петербург, улица Новостроек, дом 22, литера А",33362,0
216,"Ветеранов, д.110",36872,"г.Санкт-Петербург, проспект Ветеранов, дом 110, литера А",36872,0
215,"Дачный, д.14",1082,"г.Санкт-Петербург, Дачный проспект, дом 14, корпус 1, литера А",1082,0
214,"Революции, д.12",197181,"г.Санкт-Петербург, шоссе Революции, дом 12, корпус 1",43974,0
213,"Типанова, д.21",130720,"г.Санкт-Петербург, улица Типанова, дом 21",56983,0
212,"Рыбацкий, д.1",16207,"г.Санкт-Петербург, Рыбацкий проспект",199821,0
211,"Зайцева, д.29",16437,"г.Санкт-Петербург, улица Зайцева, дом 29, литера А",16437,0
210,"Чайковского , д.22",38131,"г.Санкт-Петербург, улица Чайковского, дом 22, литера Б",13575,0
209,"Бульвар Новаторов, д.108",9389,"г.Санкт-Петербург, бульвар Новаторов, дом 108, литера А",9389,0
208,"Шлиссельбургский, д.31",2129,"г.Санкт-Петербург, Шлиссельбургский проспект, дом 31, литера А",2129,0
207,"Костюшко, д.72",68442,"г.Санкт-Петербург, улица Костюшко, дом 72, литера А",68442,0
224,"Моисеенко, д.2а",20356,"г.Санкт-Петербург, улица Моисеенко, дом 2а, литера А",20356,0
226,"5 Красноармейская, д.7",46041,"г.Санкт-Петербург, 2-я Красноармейская улица, дом 3",44939,0
1,"197101, Санкт-Петербург (г.), Красного Курсанта (ул.), д.25, Строение А",48868,"г.Санкт-Петербург, улица Красного Курсанта, дом 25, литера М",31308,0
227,"15 линия, д.64",46343,"г.Санкт-Петербург, 15-я линия В.О., дом 64, литера Б",26308,0
244,"Космонавтов, д.70",35262,"г.Санкт-Петербург, проспект Космонавтов, дом 70, литера А",35262,0
243,"Ефимова, д.3",28387,"г.Санкт-Петербург, улица Ефимова, дом 3, литера С",1984,0
242,"Пулковская, д.10",74257,"г.Санкт-Петербург, Пулковская улица, дом 10, корпус 3, литера А",500,0
241,"Севастьянова, д.3",78947,"г.Санкт-Петербург, улица Севастьянова, дом 7",28378,0
240,"Лесной., д.2",54153,"г.Санкт-Петербург, Лесной проспект",200867,0
239,"Караваевская, д.32",88037,"г.Санкт-Петербург, Караваевская улица, дом 32, корпус 2, литера А",702,0
238,"Трефолева, д.27",63694,"г.Санкт-Петербург, улица Трефолева, дом 27, литера А",63694,0
237,"14 линия, д.7",4656,"г.Санкт-Петербург, 14-я линия В.О., дом 7, литера А",4656,0
236,"7 линия, д.62",19349,"г.Санкт-Петербург, 7-я линия В.О., дом 62, литера А",19349,0
235,"Бухарестская, д.84",107144,"г.Санкт-Петербург, Бухарестская улица, дом 84, литера А",107144,0
234,"Маршала Жукова, д.68",54562,"г.Санкт-Петербург, проспект Маршала Жукова, дом 68, корпус 3, литера А",17849,0
233,"Зины Портновой, д.48",22569,"г.Санкт-Петербург, улица Зины Портновой, дом 48, литера А",22569,0
232,"Дачный, д.26",43058,"г.Санкт-Петербург, Дачный проспект, дом 26, корпус 1, литера А",43058,0
231,"10 линия, д.45",70587,"г.Санкт-Петербург, 10-я линия В.О., дом 45, литера А",70587,0
230,"наб. реки Фонтанки, д.96",20078,"г.Санкт-Петербург, набережная реки Фонтанки, дом 96, литера А",20078,0
229,"Малый пр В.О., д.22",38307,"г.Санкт-Петербург, Малый проспект П.С., дом 22, литера А",100409,0
228,"Апрельская, д.4",111116,"г.Санкт-Петербург, Апрельская улица, дом 2, литера А",18212,0
206,"Столярный пер, д.11/9",4143,"г.Санкт-Петербург, Столярный переулок, дом 6, литера А",26370,0
205,"Будапештская, д.40",18865,"г.Санкт-Петербург, Будапештская улица, дом 40, корпус 1, литера А",18865,0
204,"Пискаревский, д.32",89433,"г.Санкт-Петербург, Пискаревский проспект, дом 12",49566,0
203,"Новоизмайловский, д.28",87023,"г.Санкт-Петербург, Новоизмайловский проспект, дом 28, корпус 2, литера А",3583,0
182,"Верейская , д.27",124118,"г.Санкт-Петербург, Верейская улица, дом 27",99920,0
181,"Средний, д.77",39828,"г.Санкт-Петербург, Средний проспект В.О., дом 77, литера О",11872,0
180,"11 Красноармейская, д.11",6740,"г.Санкт-Петербург, 11-я Красноармейская улица, дом 11",8543,0
179,"Серпуховская , д.4",37479,"г.Санкт-Петербург, Серпуховская улица, дом 5",28257,0
178,"Лиговский , д.201",112362,"г.Санкт-Петербург, Лиговский проспект, дом 201, литера А",112362,0
177,"Московский , д.182",71064,"г.Санкт-Петербург, Московский проспект, дом 182, литера А",71064,0
176,"Бакунина , д.11",33119,"г.Санкт-Петербург, проспект Бакунина, дом 11",65143,0
175,"Курляндская, д.34",43578,"г.Санкт-Петербург, Курляндская улица, дом 34, литера В",43578,0
174,"Рыбацкий, д.9",50519,"г.Санкт-Петербург, Рыбацкий проспект",199821,0
173,"Маршала Захарова, д.52",64365,"г.Санкт-Петербург, улица Маршала Захарова, дом 52, литера А",64365,0
172,"10 Советская , д.1-3",43019,"г.Санкт-Петербург, 3-я Советская улица, дом 10, литера Б",27777,0
171,"Московский, д.57",11145,"г.Санкт-Петербург, Московский проспект, дом 57, литера Е",43265,0
170,"Лени Голикова, д.50",63242,"г.Санкт-Петербург, улица Лёни Голикова, дом 50, литера А",63242,0
169,"Канонерская, д.23",61141,"г.Санкт-Петербург, Канонерская улица, дом 23, литера А",61141,0
168,"Суворовский , д.43-45    ",38941,"г.Санкт-Петербург, Суворовский проспект, дом 43-45, литера В",29577,0
167,"Краснопутиловская, д.50",30511,"г.Санкт-Петербург, Краснопутиловская улица, дом 50, литера А",30511,0
166,"Вознесенский, д.33б",30476,"посёлок Александровская, 2-я линия, дом 33Б",22831,0
183,"наб. Обводного кан., д.209",112620,"г.Санкт-Петербург, участок ж.д. ""наб.Обводного кан. - Боровая ул.""",203261,0
184,"наб. кан. Грибоедова, д.148-150",71878,"г.Санкт-Петербург, набережная канала Грибоедова, дом 148-150, литера А",71878,0
185,"Бульвар Новаторов, д.62",106769,"г.Санкт-Петербург, бульвар Новаторов, дом 62, литера А",106769,0
195,"Железноводская, д.62",110127,"г.Санкт-Петербург, Железноводская улица, дом 62, литера А",110127,0
202,"Смирнова Комиссара, д.6/5",46290,"г.Санкт-Петербург, улица Комиссара Смирнова, дом 7/6, литера А",3976,0
201,"Советский, д.5",25396,"г.Санкт-Петербург, Советский переулок, дом 9",188013,0
200,"Малодетскосельский, д.34",196952,"г.Санкт-Петербург, Малодетскосельский проспект, дом 34",41923,0
199,"Садовая, д.126",4437,"г.Санкт-Петербург, Садовая улица, дом 126, литера А",4437,0
198,"Автовская, д.5",111131,"г.Санкт-Петербург, Автовская улица, дом 3, литера А",3302,0
197,"Червоного Казачества, д.14",2431,"г.Санкт-Петербург, улица Червонного Казачества, дом 14, литера А",2431,0
196,"Фурштатская, д.54",39517,"г.Санкт-Петербург, Фурштатская улица, дом 54, литера А",39517,0
194,"8 линия, д.17А",10253,"город Сестрорецк, 2-я линия, дом 17а, литера А",49769,0
186,"Искровский, д.33",15081,"г.Санкт-Петербург, Искровский проспект, дом 33",4148,0
193,"Купчинская, д.16",18878,"г.Санкт-Петербург, Купчинская улица, дом 16, корпус 1, литера А",18878,0
192,"Кустарный, д.4",65963,"г.Санкт-Петербург, Кустарный переулок, дом 2/5, литера А",33916,0
191,"Малодетскосельский, д.28",78471,"г.Санкт-Петербург, Малодетскосельский проспект, дом 28, литера Я",35766,0
190,"8 Советская , д.17-19 ",58989,"г.Санкт-Петербург, 8-я Советская улица, дом 17-19, литера А",58989,0
189,"Лодыгина, д.5",208334,"г.Санкт-Петербург, переулок Лодыгина, дом 1",190325,0
188,"Кирочная , д.4",48334,"г.Санкт-Петербург, Кирочная улица",202086,0
187,"Замшина, д.54",57330,"г.Санкт-Петербург, Замшина улица, дом 54, литера А",57330,0
245,"Садовая, д.67",95242,"г.Санкт-Петербург, Садовая улица, дом 67, литера А",95242,0
246,"Кирочная , д.32-34",82053,"г.Санкт-Петербург, Кирочная улица, дом 32-34, литера А",7946,0
247,"Декабристов, д.4",76147,"г.Санкт-Петербург, улица Декабристов, дом 7, литера А",15953,0
288,"Россия, Санкт-Петербург, проспект Энгельса, 22",79254,"г.Санкт-Петербург, проспект Энгельса, дом 22, литера В",59665,0
306,"Россия, Санкт-Петербург, Дегтярная улица, 32-36",109001,"г.Санкт-Петербург, Дегтярная улица, дом 32-36, литера А",109001,0
305,"Санкт-Петербург, Плесецкая улица, 10",216586,"г.Санкт-Петербург, Плесецкая улица, дом 10, строение 1",216586,0
304,"Россия, Санкт-Петербург, Дачный проспект, 36к5",109964,"г.Санкт-Петербург, Дачный проспект",203511,0
303,"г Санкт-Петербург, ул 8-я Советская, д 10",52510,"г.Санкт-Петербург, 3-я Советская улица, дом 10, литера Б",27777,0
302,"Санкт-Петербург, проспект Космонавтов, 104к1, подъезд 3 ",215836,"г.Санкт-Петербург, проспект Космонавтов, дом 9",86714,0
301,"Россия, Санкт-Петербург, Василеостровский район, муниципальный округ Морской",86444,"г.Санкт-Петербург, Морской проспект, дом 3, литера А",23524,0
300,"Россия, Санкт-Петербург, Пушкинский район, посёлок Шушары, Пушкинская улица",62625,"посёлок Шушары, Пушкинская улица, дом 2, литера А",253,0
299,"Санкт-Петербург, улица Орджоникидзе, 41к1",19579,"г.Санкт-Петербург, улица Орджоникидзе, дом 3, литера А",4119,0
298,"Россия, Санкт-Петербург, Невский район, муниципальный округ № 54",52460,"г.Санкт-Петербург, Невский проспект",223794,0
297,"Россия, Санкт-Петербург, Караваевская улица, 30",86414,"г.Санкт-Петербург, Караваевская улица, дом 30, литера А",86414,0
296,"Санкт-Петербург, Кронштадт, Красная улица, 8к1",9543,"город Кронштадт, Красная улица, дом 9, литера А",14320,0
295,"Россия, Санкт-Петербург, Итальянская улица, 11",82146,"г.Санкт-Петербург, Итальянская улица, дом 11, литера А",82146,0
294,"Большой Сампсониевский проспект, 86А",46097,"г.Санкт-Петербург, Большой Сампсониевский проспект, дом 86а, литера Л",46097,0
293,"Россия, Санкт-Петербург, улица Шаврова, 5к2",127944,"г.Санкт-Петербург, улица Шаврова, дом 1",108852,0
292,"Россия, Санкт-Петербург, Комендантский проспект, 32к3",77734,"г.Санкт-Петербург, Комендантский проспект",203581,0
291,"Санкт-Петербург, Лиговский проспект, 271",213934,"г.Санкт-Петербург, Лиговский проспект, дом 271",107112,0
290,"Россия, Санкт-Петербург, проспект Энгельса, 135",91740,"г.Санкт-Петербург, проспект Энгельса, дом 135, литера А",91740,0
307,"Россия, Санкт-Петербург, Ириновский проспект, 34",208065,"г.Санкт-Петербург, Ириновский проспект, дом 34, литера А",208065,0
308,"Россия, Санкт-Петербург, Петергоф, Чичеринская улица, 2",198464,"город Петергоф, Чичеринская улица, дом 2, литера А",198464,0
309,"г Санкт-Петербург, ул Подводника Кузьмина, д 56",13819,"г.Санкт-Петербург, улица Подводника Кузьмина, дом 56, литера А",13819,0
319,"Россия, Санкт-Петербург, улица Ленсовета, 36",85320,"г.Санкт-Петербург, улица Ленсовета, дом 36, литера А",85320,0
326,"Россия, Санкт-Петербург, Ленская улица, 6к1",23918,"г.Санкт-Петербург, Ленская улица",202036,0
325,"Россия, Санкт-Петербург, проспект Ветеранов, 78",111811,"г.Санкт-Петербург, проспект Ветеранов, дом 78, литера Б",40736,0
324,"Россия, Санкт-Петербург, проспект Кузнецова, 21",34193,"г.Санкт-Петербург, проспект Кузнецова, дом 21, литера А",34193,0
323,"Россия, Санкт-Петербург, проспект Энгельса, 134к3",107461,"г.Санкт-Петербург, проспект Энгельса",203828,0
322,"Санкт-Петербург, проспект Королёва, 61",115818,"г.Санкт-Петербург, проспект Королёва, дом 61, литера А",115818,0
321,"Россия, Санкт-Петербург, Петергоф, Санкт-Петербургский проспект, 4А",84216,"город Петергоф, Санкт-Петербургский проспект, дом 4а, литера Б",84216,0
320,"Россия, Санкт-Петербург, улица Зины Портновой, 46, подъезд 1 ",23189,"г.Санкт-Петербург, улица Зины Портновой, дом 46, литера А",23189,0
318,"г Санкт-Петербург, пр-кт Авиаконструкторов, д 34",8041,"г.Санкт-Петербург, проспект Авиаконструкторов, дом 34, литера А",8041,0
310,"Россия, Санкт-Петербург, Камышовая улица, 2к1",72814,"г.Санкт-Петербург, Камышовая улица",203862,0
317,"Россия, Санкт-Петербург, Лиговский проспект, 117, подъезд 2",130520,"г.Санкт-Петербург, Лиговский проспект, дом 117",92340,0
316,"г Санкт-Петербург, ул Ивановская, д 17",20004,"г.Санкт-Петербург, Ивановская улица, дом 17, литера А",20004,0
315,"Россия, Санкт-Петербург, улица Ильюшина, 4к1",204911,"г.Санкт-Петербург, улица Ильюшина, дом 6",112347,0
314,"Россия, Санкт-Петербург, Московский район, улица Победы, 5",205161,"г.Санкт-Петербург, улица Победы, дом 7, литера А",7824,0
313,"Россия, Санкт-Петербург, Тимуровская улица, 7",13703,"г.Санкт-Петербург, Тимуровская улица, дом 9, литера А",32094,0
312,"Россия, Санкт-Петербург, проспект Народного Ополчения, 149",212971,"г.Санкт-Петербург, проспект Народного Ополчения, дом 149, литера А",71635,0
311,"Россия, Санкт-Петербург, улица Маяковского, 19/15",18535,"г.Санкт-Петербург, улица Маяковского, дом 19/15, литера А",18535,0
289,"Россия, Санкт-Петербург, Ленинский проспект, 106",3765,"г.Санкт-Петербург, Ленинский проспект, дом 106, литера А",3765,0
287,"Россия, Санкт-Петербург, улица Комиссара Смирнова, 5/2",4043,"г.Санкт-Петербург, улица Комиссара Смирнова, дом 7/6, литера А",3976,0
248,"Витебский, д.65",66309,"г.Санкт-Петербург, Витебский проспект, дом 65, литера А",66309,0
286,"Россия, Санкт-Петербург, Тверская улица, 18",71534,"г.Санкт-Петербург, Тверская улица, дом 18, литера А",71534,0
265,"Малодетскосельский, д.33/48 ",62869,"г.Санкт-Петербург, Малодетскосельский проспект, дом 33, литера А",62869,0
264,"Стойкости, д.12",35736,"г.Санкт-Петербург, улица Стойкости, дом 12, литера А",35736,0
263,"Басков пер., д.36",197815,"г.Санкт-Петербург, Басков переулок, дом 36",81518,0
262,"Средний, д.82",40086,"г.Санкт-Петербург, Средний проспект В.О., дом 82, литера Д",8120,0
261,"Псковская, д.17",51121,"г.Санкт-Петербург, Псковская улица, дом 17, литера А",51121,0
260,"15 линия, д.28Г",63897,"посёлок Стрельна, Волхонское шоссе, дом 28г, литера А",104526,0
259,"Маршала Жукова, д.74",3403,"г.Санкт-Петербург, проспект Маршала Жукова, дом 74, корпус 1, литера А",3403,0
258,"Зины Портновой, д.34",128609,"г.Санкт-Петербург, улица Зины Портновой, дом 34",60971,0
257,"Чайковского , д.43",23342,"г.Санкт-Петербург, улица Чайковского, дом 43, литера А",23342,0
256,"Большой пр В.О., д.99",36009,"г.Санкт-Петербург, Большой проспект В.О., дом 99, литера А",36009,0
255,"8 Красноармейская, д.14",20282,"г.Санкт-Петербург, 2-я Красноармейская улица, дом 14, литера А",13943,0
254,"Подольская , д.19",32378,"г.Санкт-Петербург, Подольская улица, дом 19, литера А",32378,0
253,"Октябрьская наб., д.84",82821,"г.Санкт-Петербург, Октябрьская набережная, дом 84, корпус 4",134472,0
252,"6 Советская , д.31",23863,"г.Санкт-Петербург, 6-я Советская улица, дом 31, литера А",23863,0
251,"Блюхера Маршала, д.59",44629,"г.Санкт-Петербург, проспект Маршала Блюхера, дом 59, литера Б",19981,0
250,"Кондратьевский, д.38",24777,"г.Санкт-Петербург, Кондратьевский проспект, дом 38, литера А",24777,0
249,"Большой пр В.О., д.18",97617,"г.Санкт-Петербург, Большой проспект П.С., дом 18, литера А",74613,0
266,"Будапештская, д.66",98094,"г.Санкт-Петербург, Будапештская улица, дом 66, корпус 1, литера Б",26761,0
267," пр Стачек , д.88",108486,"г.Санкт-Петербург, проспект Стачек, дом 88, литера А",108486,0
268,"Брюсовская, д.12",34118,"г.Санкт-Петербург, Брюсовская улица, дом 12, литера А",34118,0
278,"Большая Морская, д.58",59675,"г.Санкт-Петербург, Большая Морская улица, дом 58, литера А",59675,0
285,"Россия, Санкт-Петербург, проспект Пархоменко, 5",36144,"г.Санкт-Петербург, проспект Пархоменко, дом 4",15912,0
284,"Россия, Санкт-Петербург, проспект Маршала Жукова, 58к3",68812,"г.Санкт-Петербург, проспект Маршала Жукова",200190,0
283,"Россия, Санкт-Петербург, улица Профессора Попова, 27",105483,"г.Санкт-Петербург, улица Профессора Попова, дом 27, литера А",105483,0
282,"Россия, Санкт-Петербург, 3-я Советская улица, 7",54127,"г.Санкт-Петербург, 2-я Советская улица, дом 7",24144,0
281,"Санкт-Петербург, Лиговский проспект, 87В",40839,"посёлок Песочный, улица Новостроек, дом 87в, литера А",99361,0
280,"Россия, Санкт-Петербург, Муринская дорога, 59к1",214968,"г.Санкт-Петербург, Муринская дорога",224004,0
279,"Россия, Санкт-Петербург, Придорожная аллея, 5",10153,"г.Санкт-Петербург, Придорожная аллея, дом 4, литера А",4531,0
277,"Гороховая, д.3",68363,"г.Санкт-Петербург, Гороховая улица, дом 1, литера А",23327,0
269,"Галерная, д.33/35",65181,"г.Санкт-Петербург, Галерная улица, дом 35, литера А",59485,0
276,"Генерала Симоняка, д.8",10023,"г.Санкт-Петербург, улица Генерала Симоняка, дом 9",75942,0
275,"Бухарестская, д.57",26072,"г.Санкт-Петербург, Бухарестская улица, дом 57, литера А",26072,0
274,"Среднегаванский пр, д.12",198823,"г.Санкт-Петербург, Среднегаванский проспект, дом 12",10728,0
273,"4 линия, д.61",14203,"г.Санкт-Петербург, 8-я линия В.О., дом 61, литера А",78751,0
272,"Галерная, д.47",39240,"г.Санкт-Петербург, Галерная улица, дом 47, литера А",39240,0
271,"Средний, д.35 Б",71882,"г.Санкт-Петербург, Средний проспект В.О., дом 35, литера Б",71882,0
270,"Кирочная , д.46",105794,"г.Санкт-Петербург, Кирочная улица, дом 46, литера А",105794,0
165,"Дундича Олеко, д.5",69501,"г.Санкт-Петербург, улица Олеко Дундича, дом 5, литера А",69501,0
164,"Литейный, д.31",93523,"г.Санкт-Петербург, Литейный проспект, дом 31, литера В",34889,0
163,"Саперный пер. , д.12",55291,"г.Санкт-Петербург, Саперный переулок, дом 9",48218,0
41,"197229, Санкт-Петербург г, Хвойная ул, д.35",46676,"г.Санкт-Петербург, Хвойная улица, дом 35, литера В",14234,0
59,"192212, Санкт-Петербург г, Славы пр-кт, д.14",61243,"г.Санкт-Петербург, Стартовая улица, дом 17, литера КТ",188144,0
58,"192286, Санкт-Петербург г, Славы пр-кт, д.23, Строение 2",21721,"г.Санкт-Петербург, Стартовая улица, дом 17, литера КТ",188144,0
57,"192283, Санкт-Петербург г, Загребский б-р, д.35, Строение 2",101113,"г.Санкт-Петербург, Загребский бульвар, дом 35, корпус 3, строение 1",217303,0
56,"192288, Санкт-Петербург г, Ярослава Гашека ул, д.30, Строение 2",40842,"г.Санкт-Петербург, улица Ярослава Гашека, дом 30/5, литера А",88474,0
55,"192283, Санкт-Петербург г, Купчинская ул, д.29, Строение 2",32967,"г.Санкт-Петербург, Купчинская улица, дом 29, корпус 2, литера А",32967,0
54,"192238, Санкт-Петербург г, Бухарестская ул, д.68, Строение 3",57000,"г.Санкт-Петербург, Бухарестская улица, дом 68, корпус 2",50987,0
53,"196657, Санкт-Петербург г, Волховская (Новая Ижора) ул, д.3",139532,"посёлок Шушары, Новая Ижора, Волховская улица, дом 3, литера А",139532,0
52,"196601, Санкт-Петербург г, Пушкин г, Пушкинская ул, д.49",92502,"город Пушкин, Пушкинская улица, дом 49, литера А",92502,0
51,"196632, Санкт-Петербург г, Пушкин г, Лесное п, д.12",138162,"город Пушкин, Лесное, дом 12, литера А",21660,0
50,"196626, Санкт-Петербург г, Вишерская ул, д.3, Строение 1",212840,"посёлок Шушары, Вишерская улица, дом 2, строение 1",213980,0
49,"196625, Санкт-Петербург г, Тярлевская ул, д.12",40818,"посёлок Тярлево, Тярлевская улица, дом 12, литера А",40818,0
48,"196605, Санкт-Петербург г, Пушкин г, Детскосельский б-р, д.3",70868,"город Пушкин, Детскосельский бульвар, дом 8, литера А",6810,0
47,"196608, Санкт-Петербург г, Пушкин г, Ахматовская ул, д.13",102374,"город Пушкин, Ахматовская улица, дом 13, литера А",102374,0
46,"196601, Санкт-Петербург г, Пушкин г, Новодеревенская ул, д.1",17305,"город Пушкин, Новодеревенская улица, дом 5, литера А",10559,0
45,"196603, Санкт-Петербург (г.), Пушкин (г.), Красносельское (ш.), д.57, Строение А",68196,"город Пушкин, Красносельское шоссе, дом 57, литера А",68196,0
44,"197082, Санкт-Петербург (г.), Туристская (ул.), д.28, Строение 2",221296,"г.Санкт-Петербург, Туристская улица, дом 28, корпус 2, строение 1",221296,0
43,"197374, Санкт-Петербург г, Школьная ул, д.110, Строение 2",69594,"г.Санкт-Петербург, Школьная улица, дом 110, корпус 1, литера А",15042,0
60,"192239, Санкт-Петербург г, Славы пр-кт, д.19, Строение 2",12481,"г.Санкт-Петербург, Стартовая улица, дом 17, литера КТ",188144,0
61,"192102, Санкт-Петербург г, Стрельбищенская ул, д.8",34432,"г.Санкт-Петербург, Стрельбищенская улица",200126,0
62,"192286, Санкт-Петербург г, Бухарестская ул, д.51",105317,"г.Санкт-Петербург, Бухарестская улица, дом 51, литера А",105317,0
72,"191167, Санкт-Петербург г, Невский пр-кт, д.182",80415,"г.Санкт-Петербург, Невский проспект, дом 182, литера А",80415,0
79,"191025, Санкт-Петербург г, Маяковского ул, д.1/96",75734,"г.Санкт-Петербург, улица Маяковского, дом 1/96, литера А",75734,0
78,"191025, Санкт-Петербург г, Марата ул, д.16",61145,"г.Санкт-Петербург, улица Марата, дом 16, литера Б",1695,0
77,"191124, Санкт-Петербург (г.), Санкт-Петербург, Тульская, д.9",123821,"г.Санкт-Петербург, Тульская улица, дом 3",188300,0
76,"191124, Санкт-Петербург г, Новгородская ул, д.25",29085,"г.Санкт-Петербург, Новгородская улица, дом 25, литера А",29085,0
75,"191015, Санкт-Петербург г, Очаковская ул, д.2, Строение А",39972,"г.Санкт-Петербург, Очаковская улица, дом 3",41736,0
74,"191015, Санкт-Петербург г, Таврическая ул, д.2, Строение г",639,"г.Санкт-Петербург, Таврическая улица, дом 2, литера Г",639,0
73,"191186, Санкт-Петербург г, Миллионная ул, д.23",66545,"г.Санкт-Петербург, Миллионная улица, дом 23, литера А",66545,0
71,"191167, Санкт-Петербург г, Александра Невского ул, д.7",111908,"г.Санкт-Петербург, улица Александра Невского, дом 3, литера А",9551,0
63,"192102, Санкт-Петербург (г.), Санкт-Петербург г, Волковский пр-кт, д.20",67299,"г.Санкт-Петербург, Волковский проспект, дом 20, корпус 2, литера А",56521,0
70,"191024, Санкт-Петербург г, Конная ул, д.9",70877,"г.Санкт-Петербург, Конная улица, дом 5/3, литера В",140021,0
69,"192283, Санкт-Петербург г, Будапештская ул, д.93",8857,"г.Санкт-Петербург, Будапештская улица, дом 93, литера А",8857,0
68,"192212, Санкт-Петербург г, Славы пр-кт, д.6, Строение 2, литер А",106388,"г.Санкт-Петербург, Стартовая улица, дом 17, литера КТ",188144,0
67,"192284, Санкт-Петербург г, Купчинская ул, д.11, Строение 3",83217,"г.Санкт-Петербург, Купчинская улица, дом 11, корпус 4, литера А",26004,0
66,"192238, Санкт-Петербург (г.), Южное (ш.), д.49, Строение 4",216248,"г.Санкт-Петербург, Южное шоссе, дом 49, корпус 3, строение 1",210045,0
65,"192242, Санкт-Петербург г, Турку ул, д.2, Строение 2",45873,"г.Санкт-Петербург, улица Турку",200776,0
64,"192212, Санкт-Петербург г, Будапештская ул, д.23, Строение 3",84899,"г.Санкт-Петербург, Будапештская улица, дом 23, корпус 4, литера Б",171,0
42,"197373, Санкт-Петербург (г.), Санкт-Петербург г, Авиаконструкторов пр-кт, д.23/2",12175,"г.Санкт-Петербург, проспект Авиаконструкторов, дом 23, корпус 2, литера А",12175,0
40,"197755, Санкт-Петербург г, Новоцентральная ул, д.21/7",86963,"посёлок Лисий Нос, Новоцентральная улица, дом 21/7, литера Д",75752,0
81,"191024, Санкт-Петербург г, Советская 2-я ул, д.27/2",16249,"г.Санкт-Петербург, 7-я Советская улица, дом 27",105453,0
39,"197375, Санкт-Петербург г, Репищева ул, д.17, Строение 2",5345,"г.Санкт-Петербург, Репищева улица, дом 17",5311,0
18,"197372, Санкт-Петербург (г.), Яхтенная (ул.), д.28, Строение 1",214838,"г.Санкт-Петербург, Яхтенная улица, дом 28, строение 1",214838,0
17,"197350, Санкт-Петербург (г.), Парашютная (ул.), д.36, Строение 2",215214,"г.Санкт-Петербург, Парашютная улица, дом 36, корпус 1, строение 1",213151,0
16,"197342, Санкт-Петербург (г.), Торжковская (ул.), д.9, Строение 2",95617,"г.Санкт-Петербург, Торжковская улица",200117,0
15,"198504, Санкт-Петербург г, Петергоф г, Ботаническая ул, д.6",58708,"город Петергоф, Ботаническая улица",202615,0
14,"198412, Санкт-Петербург г, Ломоносов г, Красноармейская ул, д.3",13414,"город Ломоносов, Красноармейская улица, дом 5, литера А",8488,0
13,"198412, Санкт-Петербург г, Ломоносов г, Михайловская ул, д.24/22, Строение 22",32105,"город Ломоносов, Михайловская улица, дом 24/22, литера А",32105,0
12,"198510, Санкт-Петербург г, Петергоф г, Суворовский городок, д.17",11847,"город Петергоф, Суворовский городок, дом 17, литера А",11847,0
11,"198504, Санкт-Петербург г, Петергоф г, Шахматова ул, д.16, Строение 1",62303,"город Петергоф, улица Шахматова, дом 16, литера А",42103,0
10,"197022, Санкт-Петербург г, Профессора Попова ул, д.31",53597,"г.Санкт-Петербург, улица Профессора Попова, дом 1",81797,0
9,"197101, Санкт-Петербург г, Пушкарская М. ул, д.20/4",198891,"г.Санкт-Петербург, Большая Пушкарская улица, дом 20, литера А",32144,0
8,"197110, Санкт-Петербург г, Разночинная Б. ул, д.25",37859,"г.Санкт-Петербург, Большая Разночинная улица, дом 25, литера А",37859,0
7,"197022, Санкт-Петербург (г.), Аптекарский (пр-кт.), д.18, Строение А",209676,"г.Санкт-Петербург, Аптекарский проспект, дом 18, литера А",209676,0
6,"197110, Санкт-Петербург г, Петровский остров, д.10",89946,"г.Санкт-Петербург, Петровский остров, дом 2, литера Д",42955,0
5,"197101, Санкт-Петербург (г.), Санкт-Петербург г, Монетная Б. ул, д.8",29732,"г.Санкт-Петербург, Большая Монетная улица, дом 9, литера А",3494,0
4,"197022, Санкт-Петербург (г.), Санкт-Петербург г, Ординарная ул, д.20",13759,"г.Санкт-Петербург, Ординарная улица, дом 20, литера А",13759,0
3,"197022, Санкт-Петербург (г.), Санкт-Петербург г, Ординарная ул, д.19",53075,"г.Санкт-Петербург, Ординарная улица, дом 19, литера А",53075,0
2,"197136, Санкт-Петербург г, Ленина ул, д.20",66919,"г.Санкт-Петербург, улица Ленина, дом 20, литера Д",44425,0
19,"197348, Санкт-Петербург (г.), Коломяжский (пр-кт.), д.15, Строение 2",106374,"г.Санкт-Петербург, Стартовая улица, дом 17, литера КТ",188144,0
20,"197343, Санкт-Петербург г, Омская ул, д.18",72972,"г.Санкт-Петербург, Омская улица, дом 18, литера А",72972,0
21,"197373, Санкт-Петербург (г.), Санкт-Петербург г, Комендантский пр., д.60, 2",218507,"г.Санкт-Петербург, Комендантский проспект, дом 60, корпус 1, строение 1",212234,0
31,"197350, Санкт-Петербург г, Комендантский пр-кт, д.35, Строение 4",16049,"г.Санкт-Петербург, Стартовая улица, дом 17, литера КТ",188144,0
38,"197372, Санкт-Петербург г, Богатырский пр-кт, д.36, Строение 2",40637,"г.Санкт-Петербург, Стартовая улица, дом 17, литера КТ",188144,0
37,"197372, Санкт-Петербург г, Камышовая ул, д.22, Строение 2",41063,"г.Санкт-Петербург, Камышовая улица, дом 22, корпус 2, литера А",41063,0
36,"197371, Санкт-Петербург г, Шаврова ул, д.25, Строение 2",105676,"г.Санкт-Петербург, улица Шаврова, дом 25, корпус 1, литера А",94194,0
35,"197373, Санкт-Петербург г, Планерная ул, д.55, Строение 2",79187,"г.Санкт-Петербург, Планерная улица, дом 55, корпус 1",68440,0
34,"197374, Санкт-Петербург (г.), Санкт-Петербург г, Савушкина ул, д.128, 2,А",28929,"г.Санкт-Петербург, улица Савушкина, дом 128, корпус 1, литера А",18370,0
33,"197348, Санкт-Петербург г, Богатырский пр-кт, д.5, Строение 4",57117,"г.Санкт-Петербург, Стартовая улица, дом 17, литера КТ",188144,0
32,"197373, Санкт-Петербург (г.), Авиаконструкторов (пр-кт.), д.31, 2, А",106196,"г.Санкт-Петербург, проспект Авиаконструкторов, дом 31",15649,0
30,"197374, Санкт-Петербург (г.), Оптиков ул., д.31, 2, А",128544,"г.Санкт-Петербург, улица Оптиков, дом 31, корпус 2, литера А",128544,0
22,"197341, Санкт-Петербург г, Королева пр-кт, д.17",46390,"г.Санкт-Петербург, Стартовая улица, дом 17, литера КТ",188144,0
29,"197372, Санкт-Петербург г, Богатырский пр-кт, д.50, Строение 3",127950,"г.Санкт-Петербург, Богатырский проспект, дом 50, корпус 1, литера Б",4074,0
28,"197227, Санкт-Петербург г, Гаккелевская ул, д.33, Строение 2",78253,"г.Санкт-Петербург, Гаккелевская улица, дом 33, корпус 1, литера А",63489,0
27,"197343, Санкт-Петербург г, Омская ул, д.25",8449,"г.Санкт-Петербург, Омская улица, дом 25, литера А",8449,0
26,"197371, Санкт-Петербург г, Королева пр-кт, д.42, Строение 2",15929,"г.Санкт-Петербург, проспект Королева, дом 42, корпус 3",48025,0
25,"190000, Санкт-Петербург (г.), Верхне-Каменская (ул.), д.7",219281,"муниципальный округ Коломяги, Верхне-Каменская улица, дом 5, строение 1",219280,0
24,"197375, Санкт-Петербург г, Новоколомяжский пр-кт, д.3",64915,"г.Санкт-Петербург, Новоколомяжский проспект, дом 9, литера А",46492,0
23,"197183, Санкт-Петербург г, Дибуновская ул, д.10",68341,"г.Санкт-Петербург, Дибуновская улица, дом 10, литера А",68341,0
80,"191002, Санкт-Петербург г, Ломоносова ул, д.18",62979,"г.Санкт-Петербург, улица Ломоносова, дом 18, литера Т",51651,0
82,"191014, Санкт-Петербург, Маяковского ул, д.9/16",87568,"г.Санкт-Петербург, улица Маяковского, дом 9/16, литера Б",10898,0
162,"Металлистов, д.128",85239,"г.Санкт-Петербург, проспект Металлистов, дом 128, литера А",85239,0
123,"Краснопутиловская, д.13/10",28072,"г.Санкт-Петербург, Краснопутиловская улица, дом 13, литера А",28072,0
141,"Таврическая, д.29",6717,"г.Санкт-Петербург, Таврическая улица, дом 29, литера А",6717,0
140,"Блюхера Маршала, д.67",38559,"г.Санкт-Петербург, проспект Маршала Блюхера, дом 67, корпус 1, литера А",38559,0
139,"Лени Голикова, д.90",24851,"г.Санкт-Петербург, улица Лёни Голикова, дом 90, литера А",24851,0
138,"Гашека Ярослава, д.24",30630,"г.Санкт-Петербург, улица Ярослава Гашека, дом 24, корпус 1, литера А",30630,0
137,"Стойкости, д.5",26586,"г.Санкт-Петербург, улица Стойкости, дом 9, литера А",1035,0
136,"Суворовский , д.42",55135,"г.Санкт-Петербург, Суворовский проспект, дом 42, литера Б",48800,0
135,"Октябрьская наб., д.92",16013,"г.Санкт-Петербург, Октябрьская набережная, дом 92, корпус 2, литера Е",134480,0
134,"Малодетскосельский, д.27",18946,"г.Санкт-Петербург, Малодетскосельский проспект, дом 27, литера А",18946,0
133,"Краснопутиловская, д.30",91345,"г.Санкт-Петербург, Краснопутиловская улица, дом 30, литера В",88344,0
132,"Космонавтов, д.76",20452,"г.Санкт-Петербург, проспект Космонавтов, дом 76, литера А",20452,0
131,"Таврическая, д.37",197825,"г.Санкт-Петербург, Таврическая улица, дом 37",26171,0
130,"Орджоникидзе, д.59",80625,"г.Санкт-Петербург, улица Орджоникидзе, дом 59, литера А",80625,0
129,"4 Советская , д.27",57240,"г.Санкт-Петербург, 7-я Советская улица, дом 27",105453,0
128,"Малый пр В.О., д.3",32101,"г.Санкт-Петербург, Малый проспект П.С., дом 4",88125,0
127,"Московский , д.36",21777,"г.Санкт-Петербург, Московский проспект, дом 36, литера А",21777,0
126,"Шкапина, д.22",71540,"г.Санкт-Петербург, улица Шкапина, дом 22, литера А",71540,0
125,"Большой пр В.О., д.35 А",83173,"г.Санкт-Петербург, Большой проспект П.С., дом 35, литера А",81284,0
142,"наб. реки Мойки, д.85",31596,"г.Санкт-Петербург, набережная реки Мойки, дом 7, литера А",8784,0
143,"Гладкова, д.39",30703,"г.Санкт-Петербург, улица Гладкова, дом 39, литера В",30703,0
144,"Полюстровский, д.35",114144,"г.Санкт-Петербург, Полюстровский проспект, дом 35, литера А",114144,0
154,"Столярный пер, д.9",53201,"г.Санкт-Петербург, Столярный переулок, дом 6, литера А",26370,0
161,"Брюсовская, д.2",90705,"г.Санкт-Петербург, Брюсовская улица",200132,0
160,"Римского-Корсакова, д.15",112601,"г.Санкт-Петербург, проспект Римского-Корсакова, дом 15, литера А",112601,0
159,"2 Красноармейская, д.2",108110,"г.Санкт-Петербург, 2-я Красноармейская улица, дом 3",44939,0
158,"Рыбацкий, д.18",74051,"г.Санкт-Петербург, Рыбацкий проспект, дом 18, литера Д",12185,0
157,"Полюстровский, д.33",10894,"г.Санкт-Петербург, Полюстровский проспект, дом 33, корпус 1, литера А",10894,0
156,"1 Красноармейская, д.6",13152,"г.Санкт-Петербург, 2-я Красноармейская улица, дом 3",44939,0
155,"Лиговский , д.233",29985,"г.Санкт-Петербург, Лиговский проспект, дом 233, литера А",29985,0
153,"Моховая, д.36",75977,"г.Санкт-Петербург, Моховая улица, дом 36, литера Б",1925,0
145,"Купчинская, д.3",92540,"г.Санкт-Петербург, Купчинская улица",202330,0
152,"Херсонская, д.21",196901,"г.Санкт-Петербург, Херсонская улица, дом 21",72714,0
151," пр Стачек , д.188",19974,"г.Санкт-Петербург, проспект Стачек, дом 188, литера А",19974,0
150,"Большевиков, д.63",81062,"г.Санкт-Петербург, проспект Большевиков, дом 63, корпус 3, литера З",131915,0
149,"Победы пл., д.3",118110,"город Петергоф, Нижний парк, литера ПЛ",201878,0
148,"Маршала Захарова, д.35",43806,"г.Санкт-Петербург, улица Маршала Захарова, дом 35, корпус 1, литера А",43806,0
147,"Турбинная, д.39",7918,"г.Санкт-Петербург, Турбинная улица, дом 39, литера А",7918,0
146,"7 Советская , д.3",14779,"г.Санкт-Петербург, 2-я Советская улица, дом 7",24144,0
124,"1 Красноармейская, д.22",62443,"г.Санкт-Петербург, 8-я Красноармейская улица, дом 22, литера А",58199,0
122,"Садовая, д.109",78104,"г.Санкт-Петербург, Садовая улица, дом 109, литера А",78104,0
83,"191002, Санкт-Петербург г, Реки Фонтанки наб, д.52",108694,"г.Санкт-Петербург, набережная реки Фонтанки, дом 52, литера В",94612,0
121,"Мечникова, д.3",81162,"г.Санкт-Петербург, проспект Мечникова, дом 5",39014,0
100,"Садовая, д.88",55037,"г.Санкт-Петербург, Садовая улица, дом 88, литера А",55037,0
99,"Дачный, д.32",61237,"г.Санкт-Петербург, Дачный проспект, дом 32, литера А",61237,0
98,"Галерная, д.43",9323,"г.Санкт-Петербург, Галерная улица, дом 43, литера Б",239,0
97,"20 линия, д.15",83775,"г.Санкт-Петербург, 20-я линия В.О., дом 15, литера Т",14294,0
96,"Дачный, д.22/96",50289,"г.Санкт-Петербург, Дачный проспект, дом 22/96, литера А",50289,0
95,"Витебская, д.6-8",86160,"г.Санкт-Петербург, Витебская улица, дом 3, литера А",3123,0
94,"Жуковского , д.22",198600,"г.Санкт-Петербург, улица Жуковского, дом 22",108064,0
93,"Лебедева Академика, д.18",76738,"г.Санкт-Петербург, улица Академика Лебедева, дом 18, литера В",44169,0
92,"Маршала Казакова, д.1",81918,"г.Санкт-Петербург, улица Маршала Казакова",200477,0
91,"Кирочная , д.33",11107,"г.Санкт-Петербург, Кирочная улица, дом 33, литера А",11107,0
90,"Казначейская, д.1/61",12294,"г.Санкт-Петербург, Казначейская улица, дом 1/61, литера А",12294,0
89,"Ветеранов, д.87",40748,"г.Санкт-Петербург, проспект Ветеранов, дом 87, литера А",40748,0
88,"А. Блока, д.8",58811,"г.Санкт-Петербург, улица Александра Блока, дом 3, литера А",1649,0
87,"1 Красноармейская, д.14",75245,"г.Санкт-Петербург, 2-я Красноармейская улица, дом 14, литера А",13943,0
86,"Морская наб., д.31",108714,"город Ломоносов, Морская улица, дом 31, литера А",57243,0
85,"Боровая, д.46",29068,"г.Санкт-Петербург, Боровая улица, дом 46",199753,0
84,"191002, Санкт-Петербург г, Реки Фонтанки наб, д.62",61998,"г.Санкт-Петербург, набережная реки Фонтанки, дом 62, литера А",61998,0
101,"Кирилловская , д.13",102583,"г.Санкт-Петербург, Кирилловская улица, дом 13, литера А",102583,0
102,"Трамвайный, д.15",5164,"г.Санкт-Петербург, Трамвайный проспект, дом 15, корпус 1, литера А",5164,0
103,"Большой пр В.О., д.10",65921,"г.Санкт-Петербург, Большой проспект П.С., дом 10, литера А",14596,0
113,"Восстания, д.42а",78564,"г.Санкт-Петербург, улица Восстания, дом 42а, литера А",4510,0
120,"Морская наб., д.9",87405,"г.Санкт-Петербург, Морская улица, дом 9",124718,0
119,"7 Красноармейская, д.9",2874,"г.Санкт-Петербург, 2-я Красноармейская улица, дом 3",44939,0
118,"10 линия, д.55",7646,"г.Санкт-Петербург, 10-я линия В.О., дом 55",56565,0
117,"Декабристов, д.46",110962,"г.Санкт-Петербург, улица Декабристов, дом 46, литера А",110962,0
116,"Белградская, д.18",96496,"г.Санкт-Петербург, Белградская улица, дом 18, литера А",96496,0
115,"4 Советская , д.37а",56649,"г.Санкт-Петербург, 4-я Советская улица, дом 37а, литера А",69474,0
114,"Таврическая, д.43",26916,"г.Санкт-Петербург, Таврическая улица, дом 43, литера А",26916,0
112,"9 линия, д.50",20847,"г.Санкт-Петербург, 9-я линия В.О., дом 50, литера А",20847,0
104,"Маяковского , д.52",25082,"г.Санкт-Петербург, улица Маяковского, дом 52, литера А",25082,0
111,"Димитрова, д.26",1755,"г.Санкт-Петербург, улица Димитрова, дом 26, литера А",1755,0
110,"Садовая, д.112-114",90015,"г.Санкт-Петербург, Садовая улица, дом 112-114, литера А",90015,0
109,"Червоного Казачества, д.4",21562,"г.Санкт-Петербург, улица Червонного Казачества, дом 4, литера А",21562,0
108,"Чайковского , д.36",114246,"г.Санкт-Петербург, улица Чайковского, дом 36, литера А",114246,0
107,"Маршала Захарова, д.28",108194,"г.Санкт-Петербург, улица Маршала Захарова, дом 28, литера А",108194,0
106,"Ветеранов, д.71",5511,"г.Санкт-Петербург, проспект Ветеранов, дом 71, литера А",5511,0
105,"Дальневосточный, д.46/28",94888,"г.Санкт-Петербург, Дальневосточный проспект, дом 46/28, литера Д",94888,0
327,"Россия, Санкт-Петербург, Парашютная улица, 33к1",78404,"г.Санкт-Петербург, Парашютная улица",221355,0
